{
  "candidate": "cand_lasso_scale1p0276188775432755_shift0p05508",
  "scale": 1.0276188775432755,
  "shift": 0.05508,
  "base_oof_rmse": 0.5204124021757763,
  "calibrated_oof_rmse": 0.5233959931822233,
  "submission_csv": "/mnt/d/Studies/CSE281 Intro to AI/Project/submissions/cand_lasso_scale1p0276188775432755_shift0p05508/submission.csv",
  "base_prediction_mean": 7.271437028005921,
  "base_prediction_std": 0.874801662671486,
  "prediction_mean": 7.326517028005921,
  "prediction_std": 0.8989627026674636,
  "prediction_min": 4.17159167367152,
  "prediction_max": 8.876214667588211
}