{
  "candidate": "cand_lasso_scale1p0664144141426704_shift0p07278889909376063",
  "scale": 1.0664144141426704,
  "shift": 0.07278889909376063,
  "base_oof_rmse": 0.5204124021757763,
  "calibrated_oof_rmse": 0.5277985492698737,
  "submission_csv": "/mnt/d/Studies/CSE281 Intro to AI/Project/submissions/cand_lasso_scale1p0664144141426704_shift0p07278889909376063/submission.csv",
  "base_prediction_mean": 7.271437028005921,
  "base_prediction_std": 0.874801662671486,
  "prediction_mean": 7.3442259270996795,
  "prediction_std": 0.9329011025888466,
  "prediction_min": 4.070193163659432,
  "prediction_max": 8.952429062063823
}