{
  "candidate": "cand_lasso_scale1p1053688419826395_shift0p11137276698053503",
  "scale": 1.1053688419826395,
  "shift": 0.11137276698053503,
  "base_oof_rmse": 0.5204124021757763,
  "calibrated_oof_rmse": 0.5387146966895711,
  "submission_csv": "/mnt/d/Studies/CSE281 Intro to AI/Project/submissions/cand_lasso_scale1p1053688419826395_shift0p11137276698053503/submission.csv",
  "base_prediction_mean": 7.271437028005921,
  "base_prediction_std": 0.874801662671486,
  "prediction_mean": 7.382809794986455,
  "prediction_std": 0.966978500831668,
  "prediction_min": 3.9891818053960986,
  "prediction_max": 9.049758040802589
}