{
  "candidate": "cand_lasso_scale1p0_shift0p05",
  "scale": 1.0,
  "shift": 0.05,
  "base_oof_rmse": 0.5204124021757763,
  "calibrated_oof_rmse": 0.5225552840686116,
  "submission_csv": "/mnt/d/Studies/CSE281 Intro to AI/Project/submissions/cand_lasso_scale1p0_shift0p05/submission.csv",
  "base_prediction_mean": 7.271437028005921,
  "base_prediction_std": 0.874801662671486,
  "prediction_mean": 7.32143702800592,
  "prediction_std": 0.8748016626714862,
  "prediction_min": 4.251305266825288,
  "prediction_max": 8.829484100172547
}