{
  "candidate": "cand_huber_scale1p025_shift0p04",
  "model": "huber",
  "scale": 1.025,
  "shift": 0.04,
  "base_oof_mae": 0.3986939579293962,
  "base_oof_rmse": 0.5237808340212783,
  "calibrated_oof_mae": 0.3984290222734392,
  "calibrated_oof_rmse": 0.529320474505768,
  "submission_csv": "/mnt/d/Studies/CSE281 Intro to AI/Project/submissions/cand_huber_scale1p025_shift0p04/submission.csv",
  "base_prediction_mean": 7.3156186774555065,
  "base_prediction_std": 0.8910347820183062,
  "prediction_mean": 7.355618677455506,
  "prediction_std": 0.9133106515687636,
  "prediction_min": 4.078020935802468,
  "prediction_max": 8.976694629632375
}