{
  "candidate": "cand_quantile_mae_scale1p015_shift0p018",
  "model": "quantile_mae",
  "scale": 1.015,
  "shift": 0.018,
  "base_oof_mae": 0.39626741269010285,
  "base_oof_rmse": 0.5250390991121154,
  "calibrated_oof_mae": 0.3966514828483746,
  "calibrated_oof_rmse": 0.5281977404178215,
  "submission_csv": "/mnt/d/Studies/CSE281 Intro to AI/Project/submissions/cand_quantile_mae_scale1p015_shift0p018/submission.csv",
  "base_prediction_mean": 7.333965701079128,
  "base_prediction_std": 0.9073389166015967,
  "prediction_mean": 7.35196570107913,
  "prediction_std": 0.9209490003506208,
  "prediction_min": 4.110059976623353,
  "prediction_max": 8.896793142977367
}