{
  "candidate": "cand_lasso_scale1p08_shift0p0",
  "scale": 1.08,
  "shift": 0.0,
  "base_oof_rmse": 0.5204124021757763,
  "calibrated_oof_rmse": 0.5244556051947618,
  "submission_csv": "/mnt/d/Studies/CSE281 Intro to AI/Project/submissions/cand_lasso_scale1p08_shift0p0/submission.csv",
  "base_prediction_mean": 7.271437028005921,
  "base_prediction_std": 0.874801662671486,
  "prediction_mean": 7.271437028005921,
  "prediction_std": 0.944785795685205,
  "prediction_min": 3.955694725930838,
  "prediction_max": 8.900127865945876
}